{"cameraMode":{"drawMode":0,"name":"Shaded","section":"Shading Mode"},"sceneLighting":false,"audioPlay":false,"sceneViewState":{"m_AlwaysRefresh":false,"showFog":true,"showSkybox":false,"showFlares":true,"showImageEffects":true,"showParticleSystems":true,"showVisualEffectGraphs":true,"m_FxEnabled":true},"in2DMode":false,"pivot":{"x":-0.6415836811065674,"y":-4.561992168426514,"z":5.800123691558838},"rotation":{"x":-0.28915098309516909,"y":0.07657217979431153,"z":-0.023208141326904298,"w":-0.9539394378662109},"size":10.249777793884278,"orthographic":false}