{"cameraMode":{"drawMode":0,"name":"Shaded","section":"Shading Mode"},"sceneLighting":false,"audioPlay":false,"sceneViewState":{"m_AlwaysRefresh":false,"showFog":true,"showSkybox":false,"showFlares":true,"showImageEffects":true,"showParticleSystems":true,"showVisualEffectGraphs":true,"m_FxEnabled":true},"in2DMode":false,"pivot":{"x":1.2578940391540528,"y":1.0967968702316285,"z":-0.36999213695526125},"rotation":{"x":0.03433742746710777,"y":0.9611695408821106,"z":-0.23554213345050813,"w":0.14054067432880402},"size":6.082428455352783,"orthographic":true}