{"cameraMode":{"drawMode":0,"name":"Shaded","section":"Shading Mode"},"sceneLighting":false,"audioPlay":false,"sceneViewState":{"m_AlwaysRefresh":false,"showFog":true,"showSkybox":false,"showFlares":true,"showImageEffects":true,"showParticleSystems":true,"showVisualEffectGraphs":true,"m_FxEnabled":true},"in2DMode":false,"pivot":{"x":-19.773658752441408,"y":-36.18606185913086,"z":27.065433502197267},"rotation":{"x":0.02808038890361786,"y":0.08265217393636704,"z":0.002480445895344019,"w":-0.9962394833564758},"size":0.8660253882408142,"orthographic":true}