{"cameraMode":{"drawMode":0,"name":"Shaded","section":"Shading Mode"},"sceneLighting":false,"audioPlay":false,"sceneViewState":{"m_AlwaysRefresh":false,"showFog":true,"showSkybox":false,"showFlares":true,"showImageEffects":true,"showParticleSystems":true,"showVisualEffectGraphs":true,"m_FxEnabled":true},"in2DMode":false,"pivot":{"x":0.15042102336883546,"y":0.12150835990905762,"z":0.08528339862823487},"rotation":{"x":0.14466772973537446,"y":0.5885502696037293,"z":-0.10850658267736435,"w":0.7881888747215271},"size":2.850759267807007,"orthographic":true}