{"cameraMode":{"drawMode":0,"name":"Shaded","section":"Shading Mode"},"sceneLighting":false,"audioPlay":false,"sceneViewState":{"m_AlwaysRefresh":false,"showFog":true,"showSkybox":false,"showFlares":true,"showImageEffects":true,"showParticleSystems":true,"showVisualEffectGraphs":true,"m_FxEnabled":true},"in2DMode":false,"pivot":{"x":2.0632572174072267,"y":-0.03192615509033203,"z":-0.9575843811035156},"rotation":{"x":-0.19042904675006867,"y":-0.29881104826927187,"z":0.06098285689949989,"w":-0.933141827583313},"size":3.324744939804077,"orthographic":false}