{"cameraMode":{"drawMode":0,"name":"Shaded","section":"Shading Mode"},"sceneLighting":false,"audioPlay":false,"sceneViewState":{"m_AlwaysRefresh":false,"showFog":true,"showSkybox":false,"showFlares":true,"showImageEffects":true,"showParticleSystems":true,"showVisualEffectGraphs":true,"m_FxEnabled":true},"in2DMode":false,"pivot":{"x":-0.000011444091796875,"y":24.78813362121582,"z":-0.48744869232177737},"rotation":{"x":-0.06667614728212357,"y":0.9137811064720154,"z":-0.16649633646011353,"w":-0.36475953459739687},"size":53.41474151611328,"orthographic":true}